filename,label
Tr-gl_0010.jpg,glioma
Tr-gl_0011.jpg,glioma
Tr-gl_0012.jpg,glioma
Tr-gl_0013.jpg,glioma
Tr-gl_0014.jpg,glioma
Tr-gl_0015.jpg,glioma
Tr-gl_0016.jpg,glioma
Tr-gl_0017.jpg,glioma
Tr-gl_0018.jpg,glioma
Tr-gl_0019.jpg,glioma
Tr-gl_0020.jpg,glioma
Tr-gl_0021.jpg,glioma
Tr-gl_0022.jpg,glioma
Tr-gl_0023.jpg,glioma
Tr-gl_0024.jpg,glioma
Tr-gl_0025.jpg,glioma
Tr-gl_0026.jpg,glioma
Tr-gl_0027.jpg,glioma
Tr-gl_0028.jpg,glioma
Tr-gl_0029.jpg,glioma
Tr-gl_0030.jpg,glioma
Tr-gl_0031.jpg,glioma
Tr-gl_0032.jpg,glioma
Tr-gl_0033.jpg,glioma
Tr-gl_0034.jpg,glioma
Tr-gl_0035.jpg,glioma
Tr-gl_0036.jpg,glioma
Tr-gl_0037.jpg,glioma
Tr-gl_0038.jpg,glioma
Tr-gl_0039.jpg,glioma
Tr-gl_0040.jpg,glioma
Tr-gl_0041.jpg,glioma
Tr-gl_0042.jpg,glioma
Tr-gl_0043.jpg,glioma
Tr-gl_0044.jpg,glioma
Tr-gl_0045.jpg,glioma
Tr-gl_0046.jpg,glioma
Tr-gl_0047.jpg,glioma
Tr-gl_0048.jpg,glioma
Tr-gl_0049.jpg,glioma
Tr-gl_0050.jpg,glioma
Tr-gl_0051.jpg,glioma
Tr-gl_0052.jpg,glioma
Tr-gl_0053.jpg,glioma
Tr-gl_0054.jpg,glioma
Tr-gl_0055.jpg,glioma
Tr-gl_0056.jpg,glioma
Tr-gl_0057.jpg,glioma
Tr-gl_0058.jpg,glioma
Tr-gl_0059.jpg,glioma
Tr-gl_0060.jpg,glioma
Tr-gl_0061.jpg,glioma
Tr-gl_0062.jpg,glioma
Tr-gl_0063.jpg,glioma
Tr-gl_0064.jpg,glioma
Tr-gl_0065.jpg,glioma
Tr-gl_0066.jpg,glioma
Tr-gl_0067.jpg,glioma
Tr-gl_0068.jpg,glioma
Tr-gl_0069.jpg,glioma
Tr-gl_0070.jpg,glioma
Tr-gl_0071.jpg,glioma
Tr-gl_0072.jpg,glioma
Tr-gl_0073.jpg,glioma
Tr-gl_0074.jpg,glioma
Tr-gl_0075.jpg,glioma
Tr-gl_0076.jpg,glioma
Tr-gl_0077.jpg,glioma
Tr-gl_0078.jpg,glioma
Tr-gl_0079.jpg,glioma
Tr-gl_0080.jpg,glioma
Tr-gl_0081.jpg,glioma
Tr-gl_0082.jpg,glioma
Tr-gl_0083.jpg,glioma
Tr-gl_0084.jpg,glioma
Tr-gl_0085.jpg,glioma
Tr-gl_0086.jpg,glioma
Tr-gl_0087.jpg,glioma
Tr-gl_0088.jpg,glioma
Tr-gl_0089.jpg,glioma
Tr-gl_0090.jpg,glioma
Tr-gl_0091.jpg,glioma
Tr-gl_0092.jpg,glioma
Tr-gl_0093.jpg,glioma
Tr-gl_0094.jpg,glioma
Tr-gl_0095.jpg,glioma
Tr-gl_0096.jpg,glioma
Tr-gl_0097.jpg,glioma
Tr-gl_0098.jpg,glioma
Tr-gl_0099.jpg,glioma
Tr-gl_0100.jpg,glioma
Tr-gl_0101.jpg,glioma
Tr-gl_0102.jpg,glioma
Tr-gl_0103.jpg,glioma
Tr-gl_0104.jpg,glioma
Tr-gl_0105.jpg,glioma
Tr-gl_0106.jpg,glioma
Tr-gl_0107.jpg,glioma
Tr-gl_0108.jpg,glioma
Tr-gl_0109.jpg,glioma
Tr-gl_0110.jpg,glioma
Tr-gl_0111.jpg,glioma
Tr-gl_0112.jpg,glioma
Tr-gl_0113.jpg,glioma
Tr-gl_0114.jpg,glioma
Tr-gl_0115.jpg,glioma
Tr-gl_0116.jpg,glioma
Tr-gl_0117.jpg,glioma
Tr-gl_0118.jpg,glioma
Tr-gl_0119.jpg,glioma
Tr-gl_0120.jpg,glioma
Tr-gl_0121.jpg,glioma
Tr-gl_0122.jpg,glioma
Tr-gl_0123.jpg,glioma
Tr-gl_0124.jpg,glioma
Tr-gl_0125.jpg,glioma
Tr-gl_0126.jpg,glioma
Tr-gl_0127.jpg,glioma
Tr-gl_0128.jpg,glioma
Tr-gl_0129.jpg,glioma
Tr-gl_0130.jpg,glioma
Tr-gl_0131.jpg,glioma
Tr-gl_0132.jpg,glioma
Tr-gl_0133.jpg,glioma
Tr-gl_0134.jpg,glioma
Tr-gl_0135.jpg,glioma
Tr-gl_0136.jpg,glioma
Tr-gl_0137.jpg,glioma
Tr-gl_0138.jpg,glioma
Tr-gl_0139.jpg,glioma
Tr-gl_0140.jpg,glioma
Tr-gl_0141.jpg,glioma
Tr-gl_0142.jpg,glioma
Tr-gl_0143.jpg,glioma
Tr-gl_0144.jpg,glioma
Tr-gl_0145.jpg,glioma
Tr-gl_0146.jpg,glioma
Tr-gl_0147.jpg,glioma
Tr-gl_0148.jpg,glioma
Tr-gl_0149.jpg,glioma
Tr-gl_0150.jpg,glioma
Tr-gl_0151.jpg,glioma
Tr-gl_0152.jpg,glioma
Tr-gl_0153.jpg,glioma
Tr-gl_0154.jpg,glioma
Tr-gl_0155.jpg,glioma
Tr-gl_0156.jpg,glioma
Tr-gl_0157.jpg,glioma
Tr-gl_0158.jpg,glioma
Tr-gl_0159.jpg,glioma
Tr-gl_0160.jpg,glioma
Tr-gl_0161.jpg,glioma
Tr-gl_0162.jpg,glioma
Tr-gl_0163.jpg,glioma
Tr-gl_0164.jpg,glioma
Tr-gl_0165.jpg,glioma
Tr-gl_0166.jpg,glioma
Tr-gl_0167.jpg,glioma
Tr-gl_0168.jpg,glioma
Tr-gl_0169.jpg,glioma
Tr-gl_0170.jpg,glioma
Tr-gl_0171.jpg,glioma
Tr-me_0010.jpg,meningioma
Tr-me_0011.jpg,meningioma
Tr-me_0012.jpg,meningioma
Tr-me_0013.jpg,meningioma
Tr-me_0014.jpg,meningioma
Tr-me_0015.jpg,meningioma
Tr-me_0016.jpg,meningioma
Tr-me_0017.jpg,meningioma
Tr-me_0018.jpg,meningioma
Tr-me_0019.jpg,meningioma
Tr-me_0020.jpg,meningioma
Tr-me_0021.jpg,meningioma
Tr-me_0022.jpg,meningioma
Tr-me_0023.jpg,meningioma
Tr-me_0024.jpg,meningioma
Tr-me_0025.jpg,meningioma
Tr-me_0026.jpg,meningioma
Tr-me_0027.jpg,meningioma
Tr-me_0028.jpg,meningioma
Tr-me_0029.jpg,meningioma
Tr-me_0030.jpg,meningioma
Tr-me_0031.jpg,meningioma
Tr-me_0032.jpg,meningioma
Tr-me_0033.jpg,meningioma
Tr-me_0034.jpg,meningioma
Tr-me_0035.jpg,meningioma
Tr-me_0036.jpg,meningioma
Tr-me_0037.jpg,meningioma
Tr-me_0038.jpg,meningioma
Tr-me_0039.jpg,meningioma
Tr-me_0040.jpg,meningioma
Tr-me_0041.jpg,meningioma
Tr-me_0042.jpg,meningioma
Tr-me_0043.jpg,meningioma
Tr-me_0044.jpg,meningioma
Tr-me_0045.jpg,meningioma
Tr-me_0046.jpg,meningioma
Tr-me_0047.jpg,meningioma
Tr-me_0048.jpg,meningioma
Tr-me_0049.jpg,meningioma
Tr-me_0050.jpg,meningioma
Tr-me_0051.jpg,meningioma
Tr-me_0052.jpg,meningioma
Tr-me_0053.jpg,meningioma
Tr-me_0054.jpg,meningioma
Tr-me_0055.jpg,meningioma
Tr-me_0056.jpg,meningioma
Tr-me_0057.jpg,meningioma
Tr-me_0058.jpg,meningioma
Tr-me_0059.jpg,meningioma
Tr-me_0060.jpg,meningioma
Tr-me_0061.jpg,meningioma
Tr-me_0062.jpg,meningioma
Tr-me_0063.jpg,meningioma
Tr-me_0064.jpg,meningioma
Tr-me_0065.jpg,meningioma
Tr-me_0066.jpg,meningioma
Tr-me_0067.jpg,meningioma
Tr-me_0068.jpg,meningioma
Tr-me_0069.jpg,meningioma
Tr-me_0070.jpg,meningioma
Tr-me_0071.jpg,meningioma
Tr-me_0072.jpg,meningioma
Tr-me_0073.jpg,meningioma
Tr-me_0074.jpg,meningioma
Tr-me_0075.jpg,meningioma
Tr-me_0076.jpg,meningioma
Tr-me_0077.jpg,meningioma
Tr-me_0078.jpg,meningioma
Tr-me_0079.jpg,meningioma
Tr-me_0080.jpg,meningioma
Tr-me_0081.jpg,meningioma
Tr-me_0082.jpg,meningioma
Tr-me_0083.jpg,meningioma
Tr-me_0084.jpg,meningioma
Tr-me_0085.jpg,meningioma
Tr-me_0086.jpg,meningioma
Tr-me_0087.jpg,meningioma
Tr-me_0088.jpg,meningioma
Tr-me_0089.jpg,meningioma
Tr-me_0090.jpg,meningioma
Tr-me_0091.jpg,meningioma
Tr-me_0092.jpg,meningioma
Tr-me_0093.jpg,meningioma
Tr-me_0094.jpg,meningioma
Tr-me_0095.jpg,meningioma
Tr-me_0096.jpg,meningioma
Tr-me_0097.jpg,meningioma
Tr-me_0098.jpg,meningioma
Tr-me_0099.jpg,meningioma
Tr-me_0100.jpg,meningioma
Tr-me_0101.jpg,meningioma
Tr-me_0102.jpg,meningioma
Tr-me_0103.jpg,meningioma
Tr-me_0104.jpg,meningioma
Tr-me_0105.jpg,meningioma
Tr-me_0106.jpg,meningioma
Tr-me_0107.jpg,meningioma
Tr-me_0108.jpg,meningioma
Tr-me_0109.jpg,meningioma
Tr-me_0110.jpg,meningioma
Tr-me_0111.jpg,meningioma
Tr-me_0112.jpg,meningioma
Tr-me_0113.jpg,meningioma
Tr-me_0114.jpg,meningioma
Tr-me_0115.jpg,meningioma
Tr-me_0116.jpg,meningioma
Tr-me_0117.jpg,meningioma
Tr-me_0118.jpg,meningioma
Tr-me_0119.jpg,meningioma
Tr-me_0120.jpg,meningioma
Tr-me_0121.jpg,meningioma
Tr-me_0122.jpg,meningioma
Tr-me_0123.jpg,meningioma
Tr-me_0124.jpg,meningioma
Tr-me_0125.jpg,meningioma
Tr-me_0126.jpg,meningioma
Tr-me_0127.jpg,meningioma
Tr-me_0128.jpg,meningioma
Tr-me_0129.jpg,meningioma
Tr-me_0130.jpg,meningioma
Tr-me_0131.jpg,meningioma
Tr-me_0132.jpg,meningioma
Tr-me_0133.jpg,meningioma
Tr-me_0134.jpg,meningioma
Tr-me_0135.jpg,meningioma
Tr-me_0136.jpg,meningioma
Tr-me_0137.jpg,meningioma
Tr-me_0138.jpg,meningioma
Tr-me_0139.jpg,meningioma
Tr-me_0140.jpg,meningioma
Tr-me_0141.jpg,meningioma
Tr-me_0142.jpg,meningioma
Tr-me_0143.jpg,meningioma
Tr-me_0144.jpg,meningioma
Tr-me_0145.jpg,meningioma
Tr-me_0146.jpg,meningioma
Tr-me_0147.jpg,meningioma
Tr-me_0148.jpg,meningioma
Tr-me_0149.jpg,meningioma
Tr-me_0150.jpg,meningioma
Tr-me_0151.jpg,meningioma
Tr-me_0152.jpg,meningioma
Tr-me_0153.jpg,meningioma
Tr-me_0154.jpg,meningioma
Tr-me_0155.jpg,meningioma
Tr-me_0156.jpg,meningioma
Tr-me_0157.jpg,meningioma
Tr-me_0158.jpg,meningioma
Tr-me_0159.jpg,meningioma
Tr-me_0160.jpg,meningioma
Tr-me_0161.jpg,meningioma
Tr-me_0162.jpg,meningioma
Tr-me_0163.jpg,meningioma
Tr-me_0164.jpg,meningioma
Tr-me_0165.jpg,meningioma
Tr-me_0166.jpg,meningioma
Tr-me_0167.jpg,meningioma
Tr-me_0168.jpg,meningioma
Tr-me_0169.jpg,meningioma
Tr-me_0170.jpg,meningioma
Tr-me_0171.jpg,meningioma
Tr-no_0010.jpg,no_tumor
Tr-no_0011.jpg,no_tumor
Tr-no_0012.jpg,no_tumor
Tr-no_0013.jpg,no_tumor
Tr-no_0014.jpg,no_tumor
Tr-no_0015.jpg,no_tumor
Tr-no_0016.jpg,no_tumor
Tr-no_0017.jpg,no_tumor
Tr-no_0018.jpg,no_tumor
Tr-no_0019.jpg,no_tumor
Tr-no_0020.jpg,no_tumor
Tr-no_0021.jpg,no_tumor
Tr-no_0022.jpg,no_tumor
Tr-no_0023.jpg,no_tumor
Tr-no_0024.jpg,no_tumor
Tr-no_0025.jpg,no_tumor
Tr-no_0026.jpg,no_tumor
Tr-no_0027.jpg,no_tumor
Tr-no_0028.jpg,no_tumor
Tr-no_0029.jpg,no_tumor
Tr-no_0030.jpg,no_tumor
Tr-no_0031.jpg,no_tumor
Tr-no_0032.jpg,no_tumor
Tr-no_0033.jpg,no_tumor
Tr-no_0034.jpg,no_tumor
Tr-no_0035.jpg,no_tumor
Tr-no_0036.jpg,no_tumor
Tr-no_0037.jpg,no_tumor
Tr-no_0038.jpg,no_tumor
Tr-no_0039.jpg,no_tumor
Tr-no_0040.jpg,no_tumor
Tr-no_0041.jpg,no_tumor
Tr-no_0042.jpg,no_tumor
Tr-no_0043.jpg,no_tumor
Tr-no_0044.jpg,no_tumor
Tr-no_0045.jpg,no_tumor
Tr-no_0046.jpg,no_tumor
Tr-no_0047.jpg,no_tumor
Tr-no_0048.jpg,no_tumor
Tr-no_0049.jpg,no_tumor
Tr-no_0050.jpg,no_tumor
Tr-no_0051.jpg,no_tumor
Tr-no_0052.jpg,no_tumor
Tr-no_0053.jpg,no_tumor
Tr-no_0054.jpg,no_tumor
Tr-no_0055.jpg,no_tumor
Tr-no_0056.jpg,no_tumor
Tr-no_0057.jpg,no_tumor
Tr-no_0058.jpg,no_tumor
Tr-no_0059.jpg,no_tumor
Tr-no_0060.jpg,no_tumor
Tr-no_0061.jpg,no_tumor
Tr-no_0062.jpg,no_tumor
Tr-no_0063.jpg,no_tumor
Tr-no_0064.jpg,no_tumor
Tr-no_0065.jpg,no_tumor
Tr-no_0066.jpg,no_tumor
Tr-no_0067.jpg,no_tumor
Tr-no_0068.jpg,no_tumor
Tr-no_0069.jpg,no_tumor
Tr-no_0070.jpg,no_tumor
Tr-no_0071.jpg,no_tumor
Tr-no_0072.jpg,no_tumor
Tr-no_0073.jpg,no_tumor
Tr-no_0074.jpg,no_tumor
Tr-no_0075.jpg,no_tumor
Tr-no_0076.jpg,no_tumor
Tr-no_0077.jpg,no_tumor
Tr-no_0078.jpg,no_tumor
Tr-no_0079.jpg,no_tumor
Tr-no_0080.jpg,no_tumor
Tr-no_0081.jpg,no_tumor
Tr-no_0082.jpg,no_tumor
Tr-no_0083.jpg,no_tumor
Tr-no_0084.jpg,no_tumor
Tr-no_0085.jpg,no_tumor
Tr-no_0086.jpg,no_tumor
Tr-no_0087.jpg,no_tumor
Tr-no_0088.jpg,no_tumor
Tr-no_0089.jpg,no_tumor
Tr-no_0090.jpg,no_tumor
Tr-no_0091.jpg,no_tumor
Tr-no_0092.jpg,no_tumor
Tr-no_0093.jpg,no_tumor
Tr-no_0094.jpg,no_tumor
Tr-no_0095.jpg,no_tumor
Tr-no_0096.jpg,no_tumor
Tr-no_0097.jpg,no_tumor
Tr-no_0098.jpg,no_tumor
Tr-no_0099.jpg,no_tumor
Tr-no_0100.jpg,no_tumor
Tr-no_0101.jpg,no_tumor
Tr-no_0102.jpg,no_tumor
Tr-no_0103.jpg,no_tumor
Tr-no_0104.jpg,no_tumor
Tr-no_0105.jpg,no_tumor
Tr-no_0106.jpg,no_tumor
Tr-no_0107.jpg,no_tumor
Tr-no_0108.jpg,no_tumor
Tr-no_0109.jpg,no_tumor
Tr-no_0110.jpg,no_tumor
Tr-no_0111.jpg,no_tumor
Tr-no_0112.jpg,no_tumor
Tr-no_0113.jpg,no_tumor
Tr-no_0114.jpg,no_tumor
Tr-no_0115.jpg,no_tumor
Tr-no_0116.jpg,no_tumor
Tr-no_0117.jpg,no_tumor
Tr-no_0118.jpg,no_tumor
Tr-no_0119.jpg,no_tumor
Tr-no_0120.jpg,no_tumor
Tr-no_0121.jpg,no_tumor
Tr-no_0122.jpg,no_tumor
Tr-no_0123.jpg,no_tumor
Tr-no_0124.jpg,no_tumor
Tr-no_0125.jpg,no_tumor
Tr-no_0126.jpg,no_tumor
Tr-no_0127.jpg,no_tumor
Tr-no_0128.jpg,no_tumor
Tr-no_0129.jpg,no_tumor
Tr-no_0130.jpg,no_tumor
Tr-no_0131.jpg,no_tumor
Tr-no_0132.jpg,no_tumor
Tr-no_0133.jpg,no_tumor
Tr-no_0134.jpg,no_tumor
Tr-no_0135.jpg,no_tumor
Tr-no_0136.jpg,no_tumor
Tr-no_0137.jpg,no_tumor
Tr-no_0138.jpg,no_tumor
Tr-no_0139.jpg,no_tumor
Tr-no_0140.jpg,no_tumor
Tr-no_0141.jpg,no_tumor
Tr-no_0142.jpg,no_tumor
Tr-no_0143.jpg,no_tumor
Tr-no_0144.jpg,no_tumor
Tr-no_0145.jpg,no_tumor
Tr-no_0146.jpg,no_tumor
Tr-no_0147.jpg,no_tumor
Tr-no_0148.jpg,no_tumor
Tr-no_0149.jpg,no_tumor
Tr-no_0150.jpg,no_tumor
Tr-no_0151.jpg,no_tumor
Tr-no_0152.jpg,no_tumor
Tr-no_0153.jpg,no_tumor
Tr-no_0154.jpg,no_tumor
Tr-no_0155.jpg,no_tumor
Tr-no_0156.jpg,no_tumor
Tr-no_0157.jpg,no_tumor
Tr-no_0158.jpg,no_tumor
Tr-no_0159.jpg,no_tumor
Tr-no_0160.jpg,no_tumor
Tr-no_0161.jpg,no_tumor
Tr-no_0162.jpg,no_tumor
Tr-no_0163.jpg,no_tumor
Tr-no_0164.jpg,no_tumor
Tr-no_0165.jpg,no_tumor
Tr-no_0166.jpg,no_tumor
Tr-no_0167.jpg,no_tumor
Tr-no_0168.jpg,no_tumor
Tr-no_0169.jpg,no_tumor
Tr-no_0170.jpg,no_tumor
Tr-no_0171.jpg,no_tumor
Tr-pi_0010.jpg,pituitary
Tr-pi_0011.jpg,pituitary
Tr-pi_0012.jpg,pituitary
Tr-pi_0013.jpg,pituitary
Tr-pi_0014.jpg,pituitary
Tr-pi_0015.jpg,pituitary
Tr-pi_0016.jpg,pituitary
Tr-pi_0017.jpg,pituitary
Tr-pi_0018.jpg,pituitary
Tr-pi_0019.jpg,pituitary
Tr-pi_0020.jpg,pituitary
Tr-pi_0021.jpg,pituitary
Tr-pi_0022.jpg,pituitary
Tr-pi_0023.jpg,pituitary
Tr-pi_0024.jpg,pituitary
Tr-pi_0025.jpg,pituitary
Tr-pi_0026.jpg,pituitary
Tr-pi_0027.jpg,pituitary
Tr-pi_0028.jpg,pituitary
Tr-pi_0029.jpg,pituitary
Tr-pi_0030.jpg,pituitary
Tr-pi_0031.jpg,pituitary
Tr-pi_0032.jpg,pituitary
Tr-pi_0033.jpg,pituitary
Tr-pi_0034.jpg,pituitary
Tr-pi_0035.jpg,pituitary
Tr-pi_0036.jpg,pituitary
Tr-pi_0037.jpg,pituitary
Tr-pi_0038.jpg,pituitary
Tr-pi_0039.jpg,pituitary
Tr-pi_0040.jpg,pituitary
Tr-pi_0041.jpg,pituitary
Tr-pi_0042.jpg,pituitary
Tr-pi_0043.jpg,pituitary
Tr-pi_0044.jpg,pituitary
Tr-pi_0045.jpg,pituitary
Tr-pi_0046.jpg,pituitary
Tr-pi_0047.jpg,pituitary
Tr-pi_0048.jpg,pituitary
Tr-pi_0049.jpg,pituitary
Tr-pi_0050.jpg,pituitary
Tr-pi_0051.jpg,pituitary
Tr-pi_0052.jpg,pituitary
Tr-pi_0053.jpg,pituitary
Tr-pi_0054.jpg,pituitary
Tr-pi_0055.jpg,pituitary
Tr-pi_0056.jpg,pituitary
Tr-pi_0057.jpg,pituitary
Tr-pi_0058.jpg,pituitary
Tr-pi_0059.jpg,pituitary
Tr-pi_0060.jpg,pituitary
Tr-pi_0061.jpg,pituitary
Tr-pi_0062.jpg,pituitary
Tr-pi_0063.jpg,pituitary
Tr-pi_0064.jpg,pituitary
Tr-pi_0065.jpg,pituitary
Tr-pi_0066.jpg,pituitary
Tr-pi_0067.jpg,pituitary
Tr-pi_0068.jpg,pituitary
Tr-pi_0069.jpg,pituitary
Tr-pi_0070.jpg,pituitary
Tr-pi_0071.jpg,pituitary
Tr-pi_0072.jpg,pituitary
Tr-pi_0073.jpg,pituitary
Tr-pi_0074.jpg,pituitary
Tr-pi_0075.jpg,pituitary
Tr-pi_0076.jpg,pituitary
Tr-pi_0077.jpg,pituitary
Tr-pi_0078.jpg,pituitary
Tr-pi_0079.jpg,pituitary
Tr-pi_0080.jpg,pituitary
Tr-pi_0081.jpg,pituitary
Tr-pi_0082.jpg,pituitary
Tr-pi_0083.jpg,pituitary
Tr-pi_0084.jpg,pituitary
Tr-pi_0085.jpg,pituitary
Tr-pi_0086.jpg,pituitary
Tr-pi_0087.jpg,pituitary
Tr-pi_0088.jpg,pituitary
Tr-pi_0089.jpg,pituitary
Tr-pi_0090.jpg,pituitary
Tr-pi_0091.jpg,pituitary
Tr-pi_0092.jpg,pituitary
Tr-pi_0093.jpg,pituitary
Tr-pi_0094.jpg,pituitary
Tr-pi_0095.jpg,pituitary
Tr-pi_0096.jpg,pituitary
Tr-pi_0097.jpg,pituitary
Tr-pi_0098.jpg,pituitary
Tr-pi_0099.jpg,pituitary
Tr-pi_0100.jpg,pituitary
Tr-pi_0101.jpg,pituitary
Tr-pi_0102.jpg,pituitary
Tr-pi_0103.jpg,pituitary
Tr-pi_0104.jpg,pituitary
Tr-pi_0105.jpg,pituitary
Tr-pi_0106.jpg,pituitary
Tr-pi_0107.jpg,pituitary
Tr-pi_0108.jpg,pituitary
Tr-pi_0109.jpg,pituitary
Tr-pi_0110.jpg,pituitary
Tr-pi_0111.jpg,pituitary
Tr-pi_0112.jpg,pituitary
Tr-pi_0113.jpg,pituitary
Tr-pi_0114.jpg,pituitary
Tr-pi_0115.jpg,pituitary
Tr-pi_0116.jpg,pituitary
Tr-pi_0117.jpg,pituitary
Tr-pi_0118.jpg,pituitary
Tr-pi_0119.jpg,pituitary
Tr-pi_0120.jpg,pituitary
Tr-pi_0121.jpg,pituitary
Tr-pi_0122.jpg,pituitary
Tr-pi_0123.jpg,pituitary
Tr-pi_0124.jpg,pituitary
Tr-pi_0125.jpg,pituitary
Tr-pi_0126.jpg,pituitary
Tr-pi_0127.jpg,pituitary
Tr-pi_0128.jpg,pituitary
Tr-pi_0129.jpg,pituitary
Tr-pi_0130.jpg,pituitary
Tr-pi_0131.jpg,pituitary
Tr-pi_0132.jpg,pituitary
Tr-pi_0133.jpg,pituitary
Tr-pi_0134.jpg,pituitary
Tr-pi_0135.jpg,pituitary
Tr-pi_0136.jpg,pituitary
Tr-pi_0137.jpg,pituitary
Tr-pi_0138.jpg,pituitary
Tr-pi_0139.jpg,pituitary
Tr-pi_0140.jpg,pituitary
Tr-pi_0141.jpg,pituitary
Tr-pi_0142.jpg,pituitary
Tr-pi_0143.jpg,pituitary
Tr-pi_0144.jpg,pituitary
Tr-pi_0145.jpg,pituitary
Tr-pi_0146.jpg,pituitary
Tr-pi_0147.jpg,pituitary
Tr-pi_0148.jpg,pituitary
Tr-pi_0149.jpg,pituitary
Tr-pi_0150.jpg,pituitary
Tr-pi_0151.jpg,pituitary
Tr-pi_0152.jpg,pituitary
Tr-pi_0153.jpg,pituitary
Tr-pi_0154.jpg,pituitary
Tr-pi_0155.jpg,pituitary
Tr-pi_0156.jpg,pituitary
Tr-pi_0157.jpg,pituitary
Tr-pi_0158.jpg,pituitary
Tr-pi_0159.jpg,pituitary
Tr-pi_0160.jpg,pituitary
Tr-pi_0161.jpg,pituitary
Tr-pi_0162.jpg,pituitary
Tr-pi_0163.jpg,pituitary
Tr-pi_0164.jpg,pituitary
Tr-pi_0165.jpg,pituitary
Tr-pi_0166.jpg,pituitary
Tr-pi_0167.jpg,pituitary
Tr-pi_0168.jpg,pituitary
Tr-pi_0169.jpg,pituitary
Tr-pi_0170.jpg,pituitary
Tr-pi_0171.jpg,pituitary
